AirTemp,TrackTemp,Humidity,Pressure,WindSpeed,Rainfall,session
26.76111111111111,43.28819444444444,42.604166666666664,996.7527777777775,1.9604166666666663,0.0,R
