AirTemp,TrackTemp,Humidity,Pressure,WindSpeed,Rainfall,session
27.43167701863354,31.01180124223602,21.496894409937887,1016.8639751552794,0.6832298136645961,0.0,R
